titulo,fecha,autor,link,fecha_iso,anio,mes,dia,palabras_titulo,ejes_semanticos,activadores,sin_eje,activadores_eje
Perú: los pueblos indígenas optan por gobiernos territoriales autónomos y esperan una ley del Congreso,16 Oct 2025,Yvette Sierra Praeli,https://es.mongabay.com/2025/10/peru-pueblos-indigenas-gobiernos-territoriales-autonomos/,2025-10-16,2025,10,16,15,"['politica_gobernabilidad', 'sociedad_comunidades']","{'politica_gobernabilidad': ['congreso', 'gobierno', 'ley'], 'sociedad_comunidades': ['indígena', 'pueblo']}",False,"congreso, gobierno, ley"
Cumbre de ministros de Ambiente: los representantes de Latinoamérica y el Caribe se reúnen en Lima para tomar decisiones políticas y ambientales,29 Sep 2025,Yvette Sierra Praeli,https://es.mongabay.com/2025/09/cumbre-ministros-ambiente-latinoamerica-caribe/,2025-09-29,2025,9,29,22,['politica_gobernabilidad'],{'politica_gobernabilidad': ['política']},False,política
"Con estrategias propias y reclamos a las autoridades, comunidades indígenas se preparan para enfrentar incendios en la Amazonía peruana",11 Sep 2025,Geraldine Santos,https://es.mongabay.com/2025/09/comunidades-indigenas-incendios-amazonia-peruana/,2025-09-11,2025,9,11,19,"['biodiversidad_conservacion', 'politica_gobernabilidad', 'sociedad_comunidades']","{'biodiversidad_conservacion': ['amazonía'], 'politica_gobernabilidad': ['autoridad'], 'sociedad_comunidades': ['comunidad', 'indígena']}",False,autoridad
“En Perú no existe una regulación concreta para uso y manejo del fuego” | PODCAST,6 Sep 2025,Geraldine Santos,https://es.mongabay.com/podcast/2025/09/peru-no-existe-regulacion-concreta-para-controlar-incendios/,2025-09-06,2025,9,6,15,['politica_gobernabilidad'],{'politica_gobernabilidad': ['regulación']},False,regulación
Investigación de Mongabay Latam sobre desembarco ilegal de aletas de tiburón llega al Congreso y fiscalía en Perú,5 Sep 2025,Cristina Fernández Aguilar,https://es.mongabay.com/2025/09/investigacion-mongabay-desembarco-ilegal-aletas-tiburon-llega-congreso-fiscalia-peru/,2025-09-05,2025,9,5,18,"['politica_gobernabilidad', 'crimen_ilegalidad']","{'politica_gobernabilidad': ['congreso', 'fiscalía'], 'crimen_ilegalidad': ['ilegal']}",False,"congreso, fiscalía"
“Saweto es el primer caso de muerte de un defensor ambiental que tiene una sentencia de segunda instancia” | PODCAST,30 Ago 2025,Geraldine Santos,https://es.mongabay.com/podcast/2025/08/saweto-muerte-defensor-ambiental-sentencia-peru-podcast/,2025-08-30,2025,8,30,20,['politica_gobernabilidad'],{'politica_gobernabilidad': ['sentencia']},False,sentencia
¿Cómo se lava el oro ilegal en el sistema financiero de Estados Unidos?,27 Ago 2025,Mongabay Latam,https://es.mongabay.com/podcast/2025/08/como-se-lava-el-oro-ilegal-en-el-sistema-financiero-de-estados-unidos-podcast/,2025-08-27,2025,8,27,13,"['politica_gobernabilidad', 'crimen_ilegalidad']","{'politica_gobernabilidad': ['estados'], 'crimen_ilegalidad': ['ilegal']}",False,estados
Caso Saweto: ratifican sentencia de 28 años de prisión contra madereros por el asesinato de cuatro líderes indígenas de Perú,26 Ago 2025,Geraldine Santos,https://es.mongabay.com/2025/08/caso-saweto-ratifican-prision-contra-madereros-asesinato-lideres-indigenas-peru/,2025-08-26,2025,8,26,20,"['politica_gobernabilidad', 'sociedad_comunidades', 'crimen_ilegalidad']","{'politica_gobernabilidad': ['sentencia'], 'sociedad_comunidades': ['indígena', 'líder'], 'crimen_ilegalidad': ['asesinato']}",False,sentencia
Cumbre de la OTCA: gobiernos aprobaron el mecanismo de gobernanza indígena pero obviaron los impactos del petróleo en la Amazonía,23 Ago 2025,Yvette Sierra Praeli,https://es.mongabay.com/2025/08/cumbre-de-la-otca-gobiernos-aprobaron-el-mecanismo-de-gobernanza-indigena-pero-obviaron-los-impactos-del-petroleo-en-la-amazonia/,2025-08-23,2025,8,23,20,"['biodiversidad_conservacion', 'politica_gobernabilidad', 'sociedad_comunidades']","{'biodiversidad_conservacion': ['amazonía'], 'politica_gobernabilidad': ['gobierno'], 'sociedad_comunidades': ['impacto']}",False,gobierno
Mashco piro: Estado peruano enfrenta acusación de violación de los derechos de pueblos en aislamiento voluntario ante la Corte IDH,31 Jul 2025,Geraldine Santos,https://es.mongabay.com/2025/07/mashco-piro-peru-violacion-derechos-pueblos-aislamiento-corte-idh/,2025-07-31,2025,7,31,20,"['politica_gobernabilidad', 'sociedad_comunidades']","{'politica_gobernabilidad': ['corte', 'derecho', 'estado'], 'sociedad_comunidades': ['pueblo']}",False,"corte, derecho, estado"
“Los comités de autodefensa indígena son ejercicio de justicia propia” | PODCAST,26 Jul 2025,Geraldine Santos,https://es.mongabay.com/podcast/2025/07/comites-autodefensa-indigena-peru-podcast/,2025-07-26,2025,7,26,12,['politica_gobernabilidad'],{'politica_gobernabilidad': ['justicia']},False,justicia
Conflicto minero en Perú: gobierno inicia diálogo en medio de discrepancias legales y sin metas definidas,23 Jul 2025,Yvette Sierra Praeli,https://es.mongabay.com/2025/07/conflicto-minero-reinfo-peru-gobierno-dialogo-protestas/,2025-07-23,2025,7,23,16,['politica_gobernabilidad'],{'politica_gobernabilidad': ['gobierno']},False,gobierno
¿Qué cambios busca el proyecto de ley de Áreas Naturales Protegidas en Perú?,18 Jul 2025,Mongabay Latam,https://es.mongabay.com/podcast/2025/07/que-cambios-busca-el-proyecto-de-ley-de-areas-naturales-protegidas-en-peru/,2025-07-18,2025,7,18,13,"['biodiversidad_conservacion', 'politica_gobernabilidad']","{'biodiversidad_conservacion': ['cambio', 'protegido', 'área'], 'politica_gobernabilidad': ['ley']}",False,ley
Perú: un proyecto de ley busca que se abran las áreas protegidas para la explotación de hidrocarburos,15 Jul 2025,Yvette Sierra Praeli,https://es.mongabay.com/2025/07/peru-proyecto-areas-protegidas-explotacion-hidrocarburos/,2025-07-15,2025,7,15,17,"['biodiversidad_conservacion', 'politica_gobernabilidad']","{'biodiversidad_conservacion': ['protegido', 'área'], 'politica_gobernabilidad': ['ley']}",False,ley
Muerte de más de mil primates por fiebre amarilla en Sudamérica enciende alertas de autoridades sanitarias y ambientales,21 Jun 2025,Astrid Arellano,https://es.mongabay.com/2025/06/fiebre-amarilla-primates-comienzan-a-morir-por-contagios-en-tres-paises-de-sudamerica/,2025-06-21,2025,6,21,18,['politica_gobernabilidad'],{'politica_gobernabilidad': ['autoridad']},False,autoridad
“No es adecuada hoy la Ley Piaci para proteger a los pueblos en aislamiento voluntario” | PODCAST,14 Jun 2025,Geraldine Santos,https://es.mongabay.com/podcast/2025/06/no-es-adecuada-hoy-la-ley-piaci-para-proteger-a-los-pueblos-en-aislamiento-voluntario-podcast/,2025-06-14,2025,6,14,17,"['biodiversidad_conservacion', 'politica_gobernabilidad', 'sociedad_comunidades']","{'biodiversidad_conservacion': ['proteger'], 'politica_gobernabilidad': ['ley'], 'sociedad_comunidades': ['pueblo']}",False,ley
Países que no cumplen: 24 sentencias de la Corte Interamericana a favor de pueblos indígenas están pendientes de cumplimiento,11 Jun 2025,Ana Cristina Alvarado,https://es.mongabay.com/2025/06/sentencias-corte-interamericana-pueblos-indigenas-siguen-sin-ser-acatadas/,2025-06-11,2025,6,11,19,"['politica_gobernabilidad', 'sociedad_comunidades']","{'politica_gobernabilidad': ['corte', 'sentencia'], 'sociedad_comunidades': ['indígena', 'pueblo']}",False,"corte, sentencia"
Polémico proyecto de ley para la minería artesanal en Perú: expertos lo califican de peligroso para territorios indígenas y áreas protegidas,10 Jun 2025,Yvette Sierra Praeli,https://es.mongabay.com/2025/06/polemico-proyecto-mineria-artesanal-peru-peligroso-territorios-indigenas-areas-protegidas/,2025-06-10,2025,6,10,21,"['biodiversidad_conservacion', 'politica_gobernabilidad', 'sociedad_comunidades']","{'biodiversidad_conservacion': ['protegido', 'área'], 'politica_gobernabilidad': ['ley'], 'sociedad_comunidades': ['indígena', 'territorio']}",False,ley
La resistencia del pueblo awajún llegó a Lima: reclaman al Estado por el avance de la minería ilegal y las amenazas a 20 defensores,5 Jun 2025,Yvette Sierra Praeli,https://es.mongabay.com/2025/06/resistencia-pueblo-awajun-avance-mineria-ilegal-amenazas-defensores-peru/,2025-06-05,2025,6,5,24,"['politica_gobernabilidad', 'sociedad_comunidades', 'crimen_ilegalidad']","{'politica_gobernabilidad': ['estado'], 'sociedad_comunidades': ['pueblo'], 'crimen_ilegalidad': ['amenaza', 'ilegal']}",False,estado
“Hay intereses del Gobierno y de empresas para que los defensores de derechos humanos no puedan continuar con su labor” | PODCAST,31 May 2025,Geraldine Santos,https://es.mongabay.com/podcast/2025/05/gobierno-empresas-intereses-defensores-derechos-humanos-entrevista-podcast/,2025-05-31,2025,5,31,22,['politica_gobernabilidad'],"{'politica_gobernabilidad': ['derechos', 'gobierno']}",False,"derechos, gobierno"
Perú: el Estado frena la creación de áreas de conservación regionales y se enfrenta a pueblo indígenas y gobiernos regionales,28 May 2025,Yvette Sierra Praeli,https://es.mongabay.com/2025/05/peru-frena-creacion-areas-conservacion-regionales/,2025-05-28,2025,5,28,20,"['biodiversidad_conservacion', 'politica_gobernabilidad', 'sociedad_comunidades']","{'biodiversidad_conservacion': ['conservación', 'área'], 'politica_gobernabilidad': ['estado', 'gobierno'], 'sociedad_comunidades': ['indígena', 'pueblo']}",False,"estado, gobierno"
Gobierno regional de Puno declara al Lago Titicaca sujeto de derecho pero el gobierno central de Perú se opone,20 May 2025,Yvette Sierra Praeli,https://es.mongabay.com/2025/05/puno-declara-lago-titicaca-sujeto-de-derecho-peru/,2025-05-20,2025,5,20,19,['politica_gobernabilidad'],"{'politica_gobernabilidad': ['derecho', 'gobierno']}",False,"derecho, gobierno"
"“Lo que planteamos no es una demonización de la industria de la anchoveta, sino que se cumpla la ley peruana” | ENTREVISTA",18 May 2025,Emilia Delfino,https://es.mongabay.com/2025/05/lo-que-planteamos-no-es-una-demonizacion-de-la-industria-de-la-anchoveta-sino-que-se-cumpla-la-ley-peruana-entrevista/,2025-05-18,2025,5,18,22,"['politica_gobernabilidad', 'economia_desarrollo']","{'politica_gobernabilidad': ['ley'], 'economia_desarrollo': ['industria']}",False,ley
Perú: cuestionan cambio en ley forestal que reduce estándares para supervisión de especies Cites,12 May 2025,Yvette Sierra Praeli,https://es.mongabay.com/2025/05/peru-cuestionan-cambio-ley-forestal-reduce-estandares-supervision-especies-cites/,2025-05-12,2025,5,12,14,"['biodiversidad_conservacion', 'politica_gobernabilidad']","{'biodiversidad_conservacion': ['cambio', 'especie'], 'politica_gobernabilidad': ['ley']}",False,ley
Fueron criminalizados durante 10 años por protestar contra una minera pero la Justicia peruana finalmente los absolvió,5 May 2025,Yvette Sierra Praeli,https://es.mongabay.com/2025/05/peru-criminalizados-protestar-contra-minera-justicia/,2025-05-05,2025,5,5,17,"['politica_gobernabilidad', 'crimen_ilegalidad']","{'politica_gobernabilidad': ['justicia'], 'crimen_ilegalidad': ['criminalizar']}",False,justicia
Derrame de petróleo de Repsol: compensación civil al Estado por el peor desastre ecológico en la historia de Perú aún sigue pendiente | Lecturas ambientales,4 May 2025,Mongabay Latam,https://es.mongabay.com/2025/05/derrame-petroleo-repsol-compensacion-civil-peru-sigue-pendiente/,2025-05-04,2025,5,4,25,['politica_gobernabilidad'],{'politica_gobernabilidad': ['estado']},False,estado
“La sentencia convierte en defensores a todos los pueblos indígenas que viven en las orillas de los afluentes del río Marañón” | PODCAST,4 May 2025,Geraldine Santos,https://es.mongabay.com/podcast/2025/05/sentencia-defensores-pueblos-indigenas-rio-maranon-titular-derechos-peru-podcast/,2025-05-04,2025,5,4,23,"['biodiversidad_conservacion', 'politica_gobernabilidad', 'sociedad_comunidades']","{'biodiversidad_conservacion': ['marañón', 'río'], 'politica_gobernabilidad': ['sentencia'], 'sociedad_comunidades': ['indígena', 'pueblo']}",False,sentencia
Batalla por los transgénicos: buscan derogar la ley que prohíbe su ingreso en Perú,1 May 2025,Yvette Sierra Praeli,https://es.mongabay.com/2025/05/batalla-por-transgenicos-derogar-ley-prohibe-ingreso-peru/,2025-05-01,2025,5,1,14,['politica_gobernabilidad'],{'politica_gobernabilidad': ['ley']},False,ley
Justicia peruana evalúa si Repsol pagará $128 millones por derrame de petróleo para evitar juicio,30 Abr 2025,Yvette Sierra Praeli,https://es.mongabay.com/2025/04/justicia-peruana-repsol-multa-derrame-petroleo/,2025-04-30,2025,4,30,15,['politica_gobernabilidad'],{'politica_gobernabilidad': ['justicia']},False,justicia
“Las políticas de Perú han incentivado la deforestación y el acaparamiento de tierras en la Amazonía” | ENTREVISTA,19 Abr 2025,Geraldine Santos,https://es.mongabay.com/podcast/2025/04/las-politicas-de-peru-han-incentivado-la-deforestacion-y-el-acaparamiento-de-tierras-en-la-amazonia-entrevista/,2025-04-19,2025,4,19,18,"['biodiversidad_conservacion', 'politica_gobernabilidad']","{'biodiversidad_conservacion': ['amazonía', 'deforestación'], 'politica_gobernabilidad': ['política']}",False,política
Caso Saweto: Ministerio Público solicita endurecer condena a madereros por asesinato de líderes indígenas en Perú,15 Abr 2025,Geraldine Santos,https://es.mongabay.com/2025/04/caso-saweto-endurecer-condena-madereros-asesinato-lideres-indigenas-peru/,2025-04-15,2025,4,15,16,"['politica_gobernabilidad', 'sociedad_comunidades', 'crimen_ilegalidad']","{'politica_gobernabilidad': ['ministerio'], 'sociedad_comunidades': ['indígena', 'líder'], 'crimen_ilegalidad': ['asesinato']}",False,ministerio
"Corte IDH condena a Perú, Ecuador y Colombia por violaciones de derechos humanos | Coyuntura ambiental",12 Abr 2025,Mongabay Latam,https://es.mongabay.com/2025/04/corte-idh-condena-peru-ecuador-colombia-violaciones-derechos-humanos/,2025-04-12,2025,4,12,16,['politica_gobernabilidad'],"{'politica_gobernabilidad': ['corte', 'derechos']}",False,"corte, derechos"
“La nueva Ley Forestal es un incentivo perverso que impulsa la deforestación de los bosques” | ENTREVISTA,5 Abr 2025,Geraldine Santos,https://es.mongabay.com/podcast/2025/04/nueva-ley-forestal-incentivo-perverso-deforestacion-bosques-entrevista-julia-urrunaga/,2025-04-05,2025,4,5,17,"['biodiversidad_conservacion', 'politica_gobernabilidad']","{'biodiversidad_conservacion': ['bosque', 'deforestación'], 'politica_gobernabilidad': ['ley']}",False,ley
“Ley mordaza” a ONG en Perú pone en riesgo las demandas de las poblaciones más vulnerables contra el Estado,25 Mar 2025,Yvette Sierra Praeli,https://es.mongabay.com/2025/03/ley-mordaza-peru-riesgo-demandas-poblaciones-vulnerables-contra-estado/,2025-03-25,2025,3,25,19,"['politica_gobernabilidad', 'sociedad_comunidades']","{'politica_gobernabilidad': ['estado', 'ley'], 'sociedad_comunidades': ['población']}",False,"estado, ley"
Gobierno peruano ratifica sanciones económicas a 11 empresas pesqueras por pescar ilegalmente en Reserva Nacional de Paracas,21 Mar 2025,Lourdes Fernández Calvo,https://es.mongabay.com/2025/03/gobierno-peruano-ratifica-sanciones-economicas-empresas-pescar-ilegalmente-paracas/,2025-03-21,2025,3,21,17,"['biodiversidad_conservacion', 'politica_gobernabilidad', 'economia_desarrollo', 'crimen_ilegalidad']","{'biodiversidad_conservacion': ['reserva'], 'politica_gobernabilidad': ['gobierno'], 'economia_desarrollo': ['pescar', 'pesquero'], 'crimen_ilegalidad': ['ilegalmente']}",False,gobierno
Pueblos indígenas denunciaron ante la Comisión Interamericana de Derechos Humanos la superposición de nuevas áreas petroleras en sus territorios,19 Mar 2025,Yvette Sierra Praeli,https://es.mongabay.com/2025/03/pueblos-indigenas-denunciaron-superposicion-areas-petroleras-peru/,2025-03-19,2025,3,19,19,"['biodiversidad_conservacion', 'politica_gobernabilidad', 'sociedad_comunidades']","{'biodiversidad_conservacion': ['área'], 'politica_gobernabilidad': ['derechos'], 'sociedad_comunidades': ['indígena', 'pueblo', 'territorio']}",False,derechos
Deficiente fiscalización de autoridades peruanas facilita transporte irregular de más de 1500 toneladas de tiburones protegidos,12 Mar 2025,Cristina Fernández Aguilar,https://es.mongabay.com/2025/03/deficiente-fiscalizacion-autoridades-peruanas-facilita-transporte-irregular-toneladas-tiburones-protegidos/,2025-03-12,2025,3,12,16,"['biodiversidad_conservacion', 'politica_gobernabilidad']","{'biodiversidad_conservacion': ['protegido'], 'politica_gobernabilidad': ['autoridad', 'fiscalización']}",False,"autoridad, fiscalización"
¿Perú está preparado para cumplir con la nueva Ley de Deforestación Cero de la Unión Europea? | Podcast,8 Feb 2025,Geraldine Santos,https://es.mongabay.com/podcast/2025/02/peru-nueva-ley-deforestacion-cero-union-europea-entrevista/,2025-02-08,2025,2,8,18,"['biodiversidad_conservacion', 'politica_gobernabilidad']","{'biodiversidad_conservacion': ['deforestación'], 'politica_gobernabilidad': ['ley']}",False,ley
Congreso peruano retrasa discusión sobre proyectos legislativos que buscan evitar la pesca industrial en áreas protegidas,6 Feb 2025,Lourdes Fernández Calvo,https://es.mongabay.com/2025/02/congreso-peruano-retrasa-discusion-proyectos-legislativos-buscan-evitar-pesca-industrial-areas-protegidas/,2025-02-06,2025,2,6,16,"['biodiversidad_conservacion', 'politica_gobernabilidad', 'economia_desarrollo']","{'biodiversidad_conservacion': ['protegido', 'área'], 'politica_gobernabilidad': ['congreso'], 'economia_desarrollo': ['industrial', 'pesca']}",False,congreso
Perú: propuesta de decreto supremo abriría la puerta a la pesca ilegal en áreas protegidas,27 Ene 2025,Michelle Carrere,https://es.mongabay.com/2025/01/peru-propuesta-decreto-supremo-abriria-puerta-pesca-ilegal-areas-protegidas/,2025-01-27,2025,1,27,15,"['biodiversidad_conservacion', 'politica_gobernabilidad', 'economia_desarrollo', 'crimen_ilegalidad']","{'biodiversidad_conservacion': ['protegido', 'área'], 'politica_gobernabilidad': ['decreto'], 'economia_desarrollo': ['pesca'], 'crimen_ilegalidad': ['ilegal']}",False,decreto
Piratas extorsionan y asesinan a pescadores artesanales en la costa norperuana sin respuesta de las autoridades,20 Ene 2025,Mongabay Latam,https://es.mongabay.com/2025/01/piratas-extorsionan-asesinan-pescadores-artesanales-costa-norperuana-sin-respuesta-autoridades/,2025-01-20,2025,1,20,16,"['politica_gobernabilidad', 'economia_desarrollo', 'crimen_ilegalidad']","{'politica_gobernabilidad': ['autoridad'], 'economia_desarrollo': ['pescador'], 'crimen_ilegalidad': ['asesinar']}",False,autoridad
Martin von Hildebrand: “Estos son los dos años políticos más importantes de la Amazonía” | ENTREVISTA,19 Ene 2025,Emilia Delfino,https://es.mongabay.com/2025/01/martin-von-hildebrand-dos-anos-politicos-mas-importantes-de-amazonia-entrevista/,2025-01-19,2025,1,19,16,"['biodiversidad_conservacion', 'politica_gobernabilidad']","{'biodiversidad_conservacion': ['amazonía', 'martin'], 'politica_gobernabilidad': ['político']}",False,político
“Hubo presión de una alianza de países latinoamericanos» para postergar la Ley Cero Deforestación de la UE | ENTREVISTA,30 Dic 2024,"Ana Cristina Alvarado, Yvette Sierra Praeli",https://es.mongabay.com/2024/12/presion-alianza-paises-latinoamericanos-para-postergar-ley-cero-deforestacion-entrevista/,2024-12-30,2024,12,30,19,"['biodiversidad_conservacion', 'politica_gobernabilidad']","{'biodiversidad_conservacion': ['deforestación'], 'politica_gobernabilidad': ['ley']}",False,ley
20 fotos muestran el estado ambiental de América Latina en 2024,28 Dic 2024,Ana Cristina Alvarado,https://es.mongabay.com/2024/12/fotos-muestran-estado-ambiental-america-latina-2024/,2024-12-28,2024,12,28,11,['politica_gobernabilidad'],{'politica_gobernabilidad': ['estado']},False,estado
"Perú: en medio de críticas, el Congreso amplía por seis meses el plazo para la formalización minera",2 Dic 2024,Geraldine Santos,https://es.mongabay.com/2024/12/peru-en-medio-de-criticas-congreso-amplia-plazo-para-formalizacion-minera/,2024-12-02,2024,12,2,17,['politica_gobernabilidad'],{'politica_gobernabilidad': ['congreso']},False,congreso
COP16: Líderes y autoridades del mundo llegan a Cali para semana de decisiones clave,29 Oct 2024,Antonio José Paz Cardona,https://es.mongabay.com/2024/10/cop16-lideres-autoridades-llegan-a-cali-para-semana-decisiones-clave/,2024-10-29,2024,10,29,14,"['politica_gobernabilidad', 'sociedad_comunidades']","{'politica_gobernabilidad': ['autoridad'], 'sociedad_comunidades': ['líder']}",False,autoridad
Menonitas en Perú: deforestación continúa sin freno ni permisos pese a orden de paralización fiscal,28 Oct 2024,Enrique Vera,https://es.mongabay.com/2024/10/menonitas-peru-deforestacion-continua-sin-freno-ni-permisos-pese-orden-de-paralizacion-fiscal/,2024-10-28,2024,10,28,15,"['biodiversidad_conservacion', 'politica_gobernabilidad']","{'biodiversidad_conservacion': ['deforestación'], 'politica_gobernabilidad': ['fiscal']}",False,fiscal
Sobrepesca y falta de regulación afectan las capturas de uno de los peces más codiciados y amenazados en Perú,21 Oct 2024,Ramiro Escobar,https://es.mongabay.com/2024/10/sobrepesca-falta-de-regulacion-mero-amenazado-pesca/,2024-10-21,2024,10,21,19,"['biodiversidad_conservacion', 'politica_gobernabilidad', 'crimen_ilegalidad']","{'biodiversidad_conservacion': ['pez'], 'politica_gobernabilidad': ['regulación'], 'crimen_ilegalidad': ['amenazado']}",False,regulación
"Los incendios forestales en Perú dejan 16 personas fallecidas, pero el gobierno se niega a declarar el Estado de Emergencia",17 Sep 2024,Yvette Sierra Praeli,https://es.mongabay.com/2024/09/incendios-forestales-peru-personas-fallecidas-gobierno-se-niega-declarar-estado-de-emergencia/,2024-09-17,2024,9,17,20,['politica_gobernabilidad'],"{'politica_gobernabilidad': ['estado', 'gobierno']}",False,"estado, gobierno"
La violencia replegó al Estado peruano y presiona la Reserva Nacional Tambopata en Perú,24 Jul 2024,Elizabeth Salazar Vega,https://es.mongabay.com/2024/07/violencia-replego-al-estado-peruano-presiona-reserva-nacional-tambopata-peru/,2024-07-24,2024,7,24,14,"['biodiversidad_conservacion', 'politica_gobernabilidad', 'crimen_ilegalidad']","{'biodiversidad_conservacion': ['reserva'], 'politica_gobernabilidad': ['estado'], 'crimen_ilegalidad': ['violencia']}",False,estado
Perú: demoras y omisiones en reglamento de ley que protege pesca artesanal dentro de las cinco millas marinas,17 Jul 2024,Yvette Sierra Praeli,https://es.mongabay.com/2024/07/peru-demoras-omisiones-reglamento-ley-que-protege-pesca-artesanal-dentro-cinco-millas-marinas/,2024-07-17,2024,7,17,18,"['biodiversidad_conservacion', 'politica_gobernabilidad', 'economia_desarrollo']","{'biodiversidad_conservacion': ['marino', 'proteger'], 'politica_gobernabilidad': ['ley'], 'economia_desarrollo': ['pesca']}",False,ley
Gobierno peruano busca implementar cambios en Ley Forestal ignorando demandas formales para derogar la norma,20 Jun 2024,Yvette Sierra Praeli,https://es.mongabay.com/2024/06/gobierno-peruano-busca-implementar-cambios-ley-forestal-ignorando-demandas-formales-para-derogar-la-norma/,2024-06-20,2024,6,20,15,"['biodiversidad_conservacion', 'politica_gobernabilidad']","{'biodiversidad_conservacion': ['cambio'], 'politica_gobernabilidad': ['gobierno', 'ley']}",False,"gobierno, ley"
El regalo de los fabricantes de pesticidas al Ministerio de Agricultura en Perú,7 May 2024,Alicia Tovar,https://es.mongabay.com/2024/05/regalo-de-fabricantes-de-pesticidas-al-ministerio-agricultura-peru/,2024-05-07,2024,5,7,13,"['politica_gobernabilidad', 'economia_desarrollo']","{'politica_gobernabilidad': ['ministerio'], 'economia_desarrollo': ['agricultura']}",False,ministerio
Manejo y regulación estatal de las industrias extractivas de la Panamazonía | LIBRO,30 Abr 2024,Timothy J. Killeen,https://es.mongabay.com/2024/04/manejo-regulacion-estatal-industrias-extractivas-panamazonia-libro/,2024-04-30,2024,4,30,13,"['politica_gobernabilidad', 'economia_desarrollo']","{'politica_gobernabilidad': ['regulación'], 'economia_desarrollo': ['industria']}",False,regulación
¿A dónde apuntan las autoridades peruanas cuando se trata de transición energética?,28 Abr 2024,Lupe Muñoz,https://es.mongabay.com/2024/04/a-donde-apuntan-autoridades-peruanas-transicion-energetica/,2024-04-28,2024,4,28,12,"['politica_gobernabilidad', 'economia_desarrollo']","{'politica_gobernabilidad': ['autoridad'], 'economia_desarrollo': ['energético']}",False,autoridad
Contra la impunidad: tres casos de asesinatos de líderes indígenas que buscan obtener justicia,20 Abr 2024,Mongabay Latam,https://es.mongabay.com/2024/04/asesinatos-lideres-indigenas-buscan-obtener-justicia/,2024-04-20,2024,4,20,14,"['politica_gobernabilidad', 'sociedad_comunidades', 'crimen_ilegalidad']","{'politica_gobernabilidad': ['justicia'], 'sociedad_comunidades': ['indígena', 'líder'], 'crimen_ilegalidad': ['asesinato']}",False,justicia
"Congreso peruano debate proyectos de ley que, según expertos, ponen en riesgo la biodiversidad del mar y la pesca artesanal",15 Abr 2024,Yvette Sierra Praeli,https://es.mongabay.com/2024/04/congreso-peruano-debate-proyectos-riesgo-biodiversidad-mar-pesca-artesanal/,2024-04-15,2024,4,15,20,"['biodiversidad_conservacion', 'politica_gobernabilidad', 'economia_desarrollo']","{'biodiversidad_conservacion': ['biodiversidad', 'mar'], 'politica_gobernabilidad': ['congreso', 'ley'], 'economia_desarrollo': ['pesca']}",False,"congreso, ley"
Guardianas del Marañón: la lucha de las mujeres kukama para que se reconozcan los derechos de un río peruano,1 Abr 2024,Lourdes Fernández Calvo,https://es.mongabay.com/2024/04/guardianas-del-maranon-mujeres-kukama-derechos-rio-peruano/,2024-04-01,2024,4,1,19,"['biodiversidad_conservacion', 'politica_gobernabilidad']","{'biodiversidad_conservacion': ['marañón', 'río'], 'politica_gobernabilidad': ['derecho']}",False,derecho
Corte internacional condena a Perú por la contaminación ambiental que padecen pobladores de La Oroya,28 Mar 2024,Geraldine Santos,https://es.mongabay.com/2024/03/corte-internacional-condena-a-peru-por-contaminacion-ambiental-oroya/,2024-03-28,2024,3,28,15,"['biodiversidad_conservacion', 'politica_gobernabilidad']","{'biodiversidad_conservacion': ['contaminación'], 'politica_gobernabilidad': ['corte']}",False,corte
"Pese a críticas, Congreso peruano busca aprobar ley que favorece a minería ilegal",12 Feb 2024,Yvette Sierra Praeli,https://es.mongabay.com/2024/02/congreso-peruano-busca-aprobar-ley-que-favorece-a-mineria-ilegal/,2024-02-12,2024,2,12,13,"['politica_gobernabilidad', 'crimen_ilegalidad']","{'politica_gobernabilidad': ['congreso', 'ley'], 'crimen_ilegalidad': ['ilegal']}",False,"congreso, ley"
¿Cómo lograr la regularización de predios rurales en propiedades privadas en Perú? | LIBRO,5 Feb 2024,Timothy J. Killeen,https://es.mongabay.com/2024/02/como-lograr-la-regularizacion-de-predios-rurales-en-propiedades-privadas-en-peru-libro/,2024-02-05,2024,2,5,14,['politica_gobernabilidad'],{'politica_gobernabilidad': ['regularización']},False,regularización
Empresas usan falso aval de la ONU para obtener derechos forestales de comunidades indígenas en tres países,26 Ene 2024,Gloria Pallares,https://es.mongabay.com/2024/01/empresas-usan-falso-aval-de-la-onu-para-obtener-derechos-forestales-de-comunidades-indigenas-en-tres-paises/,2024-01-26,2024,1,26,17,"['politica_gobernabilidad', 'sociedad_comunidades']","{'politica_gobernabilidad': ['derecho'], 'sociedad_comunidades': ['comunidad', 'indígena']}",False,derecho
El programa Terra Legal para regularizar a pequeños propietarios | LIBRO,23 Ene 2024,Timothy J. Killeen,https://es.mongabay.com/2024/01/programa-terra-legal-para-regularizar-pequenos-propietarios-libro/,2024-01-23,2024,1,23,11,['politica_gobernabilidad'],{'politica_gobernabilidad': ['regularizar']},False,regularizar
INCRA como agencia reguladora en Brasil | LIBRO,22 Ene 2024,Timothy J. Killeen,https://es.mongabay.com/2024/01/incra-como-agencia-reguladora-en-brasil-libro/,2024-01-22,2024,1,22,8,['politica_gobernabilidad'],{'politica_gobernabilidad': ['regulador']},False,regulador
Las instituciones de Reforma Agraria en la Panamazonía | LIBRO,19 Ene 2024,Timothy J. Killeen,https://es.mongabay.com/2024/01/instituciones-de-reforma-agraria-en-panamazonia-libro/,2024-01-19,2024,1,19,10,['politica_gobernabilidad'],{'politica_gobernabilidad': ['institución']},False,institución
Perú: autoridades aprueban 39 concesiones mineras que se superponen a cuencas de ríos Marañón y Nanay en Loreto,6 Nov 2023,Yvette Sierra Praeli,https://es.mongabay.com/2023/11/peru-autoridades-aprueban-concesiones-mineras-se-superponen-a-cuencas-de-rios-maranon-nanay/,2023-11-06,2023,11,6,18,"['biodiversidad_conservacion', 'politica_gobernabilidad']","{'biodiversidad_conservacion': ['marañón', 'río'], 'politica_gobernabilidad': ['autoridad']}",False,autoridad
Perú: nueva propuesta del gobierno sobre creación de reserva Mar tropical de Grau genera controversia por la pesca de arrastre,12 Oct 2023,Michelle Carrere,https://es.mongabay.com/2023/10/peru-reserva-mar-tropical-de-grau-controversia-pesca-de-arrastre/,2023-10-12,2023,10,12,20,"['biodiversidad_conservacion', 'politica_gobernabilidad', 'economia_desarrollo']","{'biodiversidad_conservacion': ['mar', 'reserva'], 'politica_gobernabilidad': ['gobierno'], 'economia_desarrollo': ['pesca']}",False,gobierno
Cinco mujeres indígenas que alzan su voz para proteger a la naturaleza y a los derechos de las comunidades de Latinoamérica,5 Sep 2023,Mongabay Latam,https://es.mongabay.com/2023/09/mujeres-indigenas-alzan-su-voz-para-proteger-naturaleza-derechos-comunidades-latinoamerica/,2023-09-05,2023,9,5,21,"['biodiversidad_conservacion', 'politica_gobernabilidad', 'sociedad_comunidades']","{'biodiversidad_conservacion': ['proteger'], 'politica_gobernabilidad': ['derecho'], 'sociedad_comunidades': ['comunidad', 'indígena']}",False,derecho
Impunidad en caso Saweto continúa: “Son nueve años buscando justicia y no tenemos nada”,31 Ago 2023,"Enrique Vera, Vanessa Romo",https://es.mongabay.com/2023/08/impunidad-caso-saweto-continua-nueve-anos-buscando-justicia-peru/,2023-08-31,2023,8,31,14,['politica_gobernabilidad'],{'politica_gobernabilidad': ['justicia']},False,justicia
La cuenca del Tapajós y el predominio de los Derechos Indígenas | LIBRO,21 Ago 2023,Timothy J. Killeen,https://es.mongabay.com/2023/08/la-cuenca-del-tapajos-y-el-predominio-de-los-derechos-indigenas-libro/,2023-08-21,2023,8,21,13,"['politica_gobernabilidad', 'sociedad_comunidades']","{'politica_gobernabilidad': ['derecho'], 'sociedad_comunidades': ['indígena']}",False,derecho
Cumbre amazónica: «El riesgo enorme es que la discusión esté dándose sobre el riel de la economía y no sobre el riel de los derechos» | ENTREVISTA,7 Ago 2023,Yvette Sierra Praeli,https://es.mongabay.com/2023/08/cumbre-amazonica-brasil-dario-mejia-entrevista/,2023-08-07,2023,8,7,27,"['politica_gobernabilidad', 'economia_desarrollo']","{'politica_gobernabilidad': ['derecho'], 'economia_desarrollo': ['economía']}",False,derecho
Minería ilegal en Perú: dragas aumentan en ríos de Loreto y fiscalía detecta ruta para el tráfico de combustible,17 Jul 2023,Yvette Sierra Praeli,https://es.mongabay.com/2023/07/mineria-ilegal-en-peru-dragas-aumentan-en-loreto-ruta-para-el-trafico-de-combustible/,2023-07-17,2023,7,17,19,"['biodiversidad_conservacion', 'politica_gobernabilidad', 'crimen_ilegalidad']","{'biodiversidad_conservacion': ['río'], 'politica_gobernabilidad': ['fiscalía'], 'crimen_ilegalidad': ['ilegal', 'tráfico']}",False,fiscalía
Enfoques políticos actuales necesarios pero ¿suficientes?,10 Jul 2023,Timothy J. Killeen,https://es.mongabay.com/2023/07/enfoques-politicos-actuales-necesarios-pero-suficientes-libro/,2023-07-10,2023,7,10,6,['politica_gobernabilidad'],{'politica_gobernabilidad': ['político']},False,político
Relator Especial de la ONU: “Los Estados han estado más orientados a facilitar la actividad extractiva que a proteger los derechos de las personas”  | ENTREVISTA,9 Jul 2023,Vanessa Romo,https://es.mongabay.com/2023/07/relator-especial-de-la-onu-actividad-extractiva-petroleo-entrevista/,2023-07-09,2023,7,9,26,"['biodiversidad_conservacion', 'politica_gobernabilidad', 'economia_desarrollo']","{'biodiversidad_conservacion': ['proteger'], 'politica_gobernabilidad': ['derecho', 'estado'], 'economia_desarrollo': ['actividad']}",False,"derecho, estado"
Política ambiental y hechos concretos en el lugar,26 Jun 2023,Timothy J. Killeen,https://es.mongabay.com/2023/06/politica-ambiental-y-hechos-concretos-en-el-lugar-libro/,2023-06-26,2023,6,26,8,['politica_gobernabilidad'],{'politica_gobernabilidad': ['política']},False,política
Perú: proyecto de ley pretende abrir áreas naturales protegidas para actividades de hidrocarburos,16 Jun 2023,Yvette Sierra Praeli,https://es.mongabay.com/2023/06/proyecto-de-ley-pretende-abrir-areas-naturales-protegidas-para-actividades-de-hidrocarburos-peru/,2023-06-16,2023,6,16,13,"['biodiversidad_conservacion', 'politica_gobernabilidad', 'economia_desarrollo']","{'biodiversidad_conservacion': ['protegido', 'área'], 'politica_gobernabilidad': ['ley'], 'economia_desarrollo': ['actividad']}",False,ley
La economía política de la Panamazonía,5 Jun 2023,Timothy J. Killeen,https://es.mongabay.com/2023/06/la-economia-politica-de-la-panamazonia-libro/,2023-06-05,2023,6,5,6,"['politica_gobernabilidad', 'economia_desarrollo']","{'politica_gobernabilidad': ['político'], 'economia_desarrollo': ['economía']}",False,político
Flota china esquiva monitoreo satelital por parte de las autoridades peruanas,12 Abr 2023,Michelle Carrere,https://es.mongabay.com/2023/04/flota-china-esquiva-monitoreo-satelital-de-autoridades-peruanas/,2023-04-12,2023,4,12,11,['politica_gobernabilidad'],{'politica_gobernabilidad': ['autoridad']},False,autoridad
Polémicos proyectos de ley y emergencias ambientales amenazan a ecosistemas y comunidades del Perú | Coyuntura ambiental,11 Feb 2023,Mongabay Latam,https://es.mongabay.com/2023/02/polemicos-proyectos-de-ley-y-emergencias-ambientales-amenazan-a-ecosistemas-y-comunidades-del-peru/,2023-02-11,2023,2,11,17,"['biodiversidad_conservacion', 'politica_gobernabilidad', 'sociedad_comunidades', 'crimen_ilegalidad']","{'biodiversidad_conservacion': ['ecosistema'], 'politica_gobernabilidad': ['ley'], 'sociedad_comunidades': ['comunidad'], 'crimen_ilegalidad': ['amenazar']}",False,ley
Perú: proyecto de ley pone en peligro a pueblos indígenas en aislamiento al negar su existencia,6 Feb 2023,Yvette Sierra Praeli,https://es.mongabay.com/2023/02/proyecto-de-ley-pone-en-peligro-a-pueblos-indigenas-en-aislamiento-en-peru/,2023-02-06,2023,2,6,16,"['politica_gobernabilidad', 'sociedad_comunidades']","{'politica_gobernabilidad': ['ley'], 'sociedad_comunidades': ['indígena', 'pueblo']}",False,ley
Congreso del Perú podría aprobar ley que pone en riesgo más de cien procesos abiertos por delitos contra los bosques,24 Ene 2023,Yvette Sierra Praeli,https://es.mongabay.com/2023/01/congreso-de-peru-esta-a-un-paso-de-aprobar-ley-que-amenaza-los-bosques-amazonicos/,2023-01-24,2023,1,24,20,"['biodiversidad_conservacion', 'politica_gobernabilidad', 'crimen_ilegalidad']","{'biodiversidad_conservacion': ['bosque'], 'politica_gobernabilidad': ['congreso', 'ley'], 'crimen_ilegalidad': ['delito']}",False,"congreso, ley"
"Los desafíos ambientales de Perú en el 2023: nuevos gobernadores regionales, leyes ambientales en peligro y la deforestación imparable de la Amazonía",16 Ene 2023,Yvette Sierra Praeli,https://es.mongabay.com/2023/01/desafios-ambientales-de-peru-en-2023-leyes-ambientales-en-peligro/,2023-01-16,2023,1,16,22,"['biodiversidad_conservacion', 'politica_gobernabilidad']","{'biodiversidad_conservacion': ['amazonía', 'deforestación'], 'politica_gobernabilidad': ['ley']}",False,ley
Perú: líderes ambientales denuncian abandono e inacción del Estado por los derrames de petróleo,17 Oct 2022,Yvette Sierra Praeli,https://es.mongabay.com/2022/10/lideres-ambientales-denuncian-abandono-por-derrames-de-petroleo-peru/,2022-10-17,2022,10,17,14,"['politica_gobernabilidad', 'sociedad_comunidades']","{'politica_gobernabilidad': ['estado'], 'sociedad_comunidades': ['líder']}",False,estado
Historia gráfica | Crímenes impunes: los asesinatos de líderes indígenas que siguen esperando por justicia,14 Jul 2022,Mongabay Latam,https://es.mongabay.com/2022/07/historia-grafica-asesinatos-de-lideres-indigenas-siguen-esperando-por-justicia/,2022-07-14,2022,7,14,15,"['politica_gobernabilidad', 'sociedad_comunidades', 'crimen_ilegalidad']","{'politica_gobernabilidad': ['justicia'], 'sociedad_comunidades': ['indígena', 'líder'], 'crimen_ilegalidad': ['asesinato', 'crimen']}",False,justicia
¿Habrá una nueva ley de pesca para Perú?,13 Jul 2022,Michelle Carrere,https://es.mongabay.com/2022/07/nueva-ley-de-pesca-en-peru-oceanos/,2022-07-13,2022,7,13,8,"['politica_gobernabilidad', 'economia_desarrollo']","{'politica_gobernabilidad': ['ley'], 'economia_desarrollo': ['pesca']}",False,ley
"Crímenes impunes: los asesinatos de 50 líderes indígenas de la Amazonía de Brasil, Colombia, Ecuador y Perú siguen esperando por justicia",30 Jun 2022,Vanessa Romo Espinoza y Gloria Alvitres,https://es.mongabay.com/2022/06/crimenes-de-50-lideres-indigenas-de-la-amazonia-siguen-esperando-justicia/,2022-06-30,2022,6,30,21,"['biodiversidad_conservacion', 'politica_gobernabilidad', 'sociedad_comunidades', 'crimen_ilegalidad']","{'biodiversidad_conservacion': ['amazonía'], 'politica_gobernabilidad': ['justicia'], 'sociedad_comunidades': ['indígena', 'líder'], 'crimen_ilegalidad': ['asesinato', 'crimen']}",False,justicia
Organizaciones indígenas de Brasil solicitan a gobierno peruano que apoye en la búsqueda de periodista Dom Phillips e indigenista Bruno Araújo Pereira,10 Jun 2022,Yvette Sierra Praeli,https://es.mongabay.com/2022/06/alerta-por-desaparicion-de-periodista-dom-phillips-e-indigenista-bruno-araujo-pereira/,2022-06-10,2022,6,10,22,"['politica_gobernabilidad', 'sociedad_comunidades']","{'politica_gobernabilidad': ['gobierno'], 'sociedad_comunidades': ['indigenista', 'indígena', 'organización']}",False,gobierno
«Ser dirigente indígena en una zona petrolera o donde hay muchos recursos naturales es una sentencia de muerte»: Gregorio Díaz Mirabal | ENTREVISTA,24 Abr 2022,Astrid Arellano,https://es.mongabay.com/2022/04/ser-dirigente-indigena-en-una-zona-petrolera-o-donde-hay-muchos-recursos-naturales-es-una-sentencia-de-muerte-gregorio-diaz-mirabal-entrevista/,2022-04-24,2022,4,24,23,"['politica_gobernabilidad', 'economia_desarrollo']","{'politica_gobernabilidad': ['sentencia'], 'economia_desarrollo': ['recurso']}",False,sentencia
Estado peruano anuncia que demandará civilmente a Repsol por derrame de petróleo y exigirá reparación por daños causados,22 Ene 2022,Vanessa Romo,https://es.mongabay.com/2022/01/estado-peruano-demandara-civilmente-a-repsol-por-derrame-de-petroleo-y-exigira-reparacion-por-danos-causados/,2022-01-22,2022,1,22,18,['politica_gobernabilidad'],{'politica_gobernabilidad': ['estado']},False,estado
Perú: Congreso debate proyecto sobre tráfico de vida silvestre que pone en riesgo la legislación contra delitos ambientales,19 Nov 2021,Yvette Sierra Praeli,https://es.mongabay.com/2021/11/peru-proyecto-trafico-de-vida-silvestre-delitos-ambientales/,2021-11-19,2021,11,19,18,"['politica_gobernabilidad', 'crimen_ilegalidad']","{'politica_gobernabilidad': ['congreso'], 'crimen_ilegalidad': ['delito', 'tráfico']}",False,congreso
“Hostiles de la Amazonía”: al descubierto autoridades peruanas involucradas en red de tráfico de madera,2 Nov 2021,Fiorella Fiestas,https://es.mongabay.com/2021/11/hostiles-de-la-amazonia-gobernador-regional-madre-de-dios-trafico-madera/,2021-11-02,2021,11,2,15,"['biodiversidad_conservacion', 'politica_gobernabilidad', 'crimen_ilegalidad']","{'biodiversidad_conservacion': ['amazonía'], 'politica_gobernabilidad': ['autoridad'], 'crimen_ilegalidad': ['tráfico']}",False,autoridad
Perú: paro amazónico contra el gobierno mantiene a más de 200 pobladores indígenas en instalaciones petroleras,12 Oct 2021,Yvette Sierra Praeli,https://es.mongabay.com/2021/10/peru-paro-amazonico-petroleo-pueblos-indigenas/,2021-10-12,2021,10,12,16,"['politica_gobernabilidad', 'sociedad_comunidades']","{'politica_gobernabilidad': ['gobierno'], 'sociedad_comunidades': ['indígena']}",False,gobierno
Manco Cápac: la comunidad indígena que existe para los ilegales pero no para el Estado,5 Oct 2021,Daniel Carbajal,https://es.mongabay.com/2021/10/manco-capac-comunidad-indigena-deforestacion-narcotrafico-peru/,2021-10-05,2021,10,5,15,"['politica_gobernabilidad', 'sociedad_comunidades', 'crimen_ilegalidad']","{'politica_gobernabilidad': ['estado'], 'sociedad_comunidades': ['comunidad'], 'crimen_ilegalidad': ['ilegal']}",False,estado
En video | Autoridades ecuatorianas identifican a empresa sospechosa de millonaria exportación de aletas de tiburón,26 Sep 2021,Mongabay Latam,https://es.mongabay.com/2021/09/video-empresa-sospechosa-exportacion-aletas-de-tiburon/,2021-09-26,2021,9,26,16,['politica_gobernabilidad'],{'politica_gobernabilidad': ['autoridad']},False,autoridad
Pleno del Congreso de Perú debatirá polémica ley que permitiría el uso de dragas y la minería en ríos,7 Jul 2021,Yvette Sierra Praeli,https://es.mongabay.com/2021/07/congreso-de-peru-debatira-polemica-ley-mineria-en-rios/,2021-07-07,2021,7,7,19,"['biodiversidad_conservacion', 'politica_gobernabilidad']","{'biodiversidad_conservacion': ['río'], 'politica_gobernabilidad': ['congreso', 'ley']}",False,"congreso, ley"
Nuevo decreto para pescadores artesanales genera polémica sobre su implementación en el sector,3 Jul 2021,Michelle Carrere,https://es.mongabay.com/2021/07/decreto-pescadores-artesanales-genera-polemica-peru/,2021-07-03,2021,7,3,13,"['politica_gobernabilidad', 'economia_desarrollo']","{'politica_gobernabilidad': ['decreto'], 'economia_desarrollo': ['pescador']}",False,decreto
Perú: fiscalía confirma tala ilegal en bosque intacto tras invasión de asociación de israelitas,6 May 2021,Yvette Sierra Praeli,https://es.mongabay.com/2021/05/peru-tala-ilegal-invasion-israelitas/,2021-05-06,2021,5,6,14,"['biodiversidad_conservacion', 'politica_gobernabilidad', 'crimen_ilegalidad']","{'biodiversidad_conservacion': ['bosque'], 'politica_gobernabilidad': ['fiscalía'], 'crimen_ilegalidad': ['ilegal']}",False,fiscalía
"Perú: alrededor de cien personas solicitaron protección por defender derechos humanos, ambientales e indígenas",3 May 2021,Yvette Sierra Praeli,https://es.mongabay.com/2021/05/peru-personas-solicitaron-proteccion-por-defender-derechos-humanos/,2021-05-03,2021,5,3,14,"['biodiversidad_conservacion', 'politica_gobernabilidad', 'sociedad_comunidades']","{'biodiversidad_conservacion': ['protección'], 'politica_gobernabilidad': ['derecho'], 'sociedad_comunidades': ['indígena']}",False,derecho
Millonarios descuentos: los más de 25 millones de dólares que el Estado peruano dejó de cobrarle a pesquera TASA,13 Mar 2021,"Gabriela Quevedo Castañeda, Karen de la Torre",https://es.mongabay.com/2021/03/millonarios-descuentos-los-mas-de-25-millones-de-dolares-que-el-estado-peruano-dejo-de-cobrarle-a-pesquera-tasa/,2021-03-13,2021,3,13,19,"['politica_gobernabilidad', 'economia_desarrollo']","{'politica_gobernabilidad': ['estado'], 'economia_desarrollo': ['pesquera']}",False,estado
Tamshiyacu: justicia absuelve a responsables de deforestación de casi 2000 hectáreas de bosque en Perú,19 Dic 2020,Mongabay.com,https://es.mongabay.com/2020/12/peru-tamshiyacu-sentencia-deforestacion-bosque/,2020-12-19,2020,12,19,15,"['biodiversidad_conservacion', 'politica_gobernabilidad']","{'biodiversidad_conservacion': ['bosque', 'deforestación'], 'politica_gobernabilidad': ['justicia']}",False,justicia
Perú: Proyecto de ley atenta contra áreas protegidas en bosques secos,7 Dic 2020,Yvette Sierra Praeli,https://es.mongabay.com/2020/12/peru-congreso-proyecto-ley-recorte-areas-naturales-protegidas/,2020-12-07,2020,12,7,11,"['biodiversidad_conservacion', 'politica_gobernabilidad']","{'biodiversidad_conservacion': ['bosque', 'protegido', 'área'], 'politica_gobernabilidad': ['ley']}",False,ley
Menonitas en Perú: fiscalía sorprende a grupo talando sin autorización y ordena paralizar deforestación en Loreto,18 Nov 2020,Yvette Sierra Praeli,https://es.mongabay.com/2020/11/menonitas-peru-deforestacion-loreto/,2020-11-18,2020,11,18,16,"['biodiversidad_conservacion', 'politica_gobernabilidad', 'crimen_ilegalidad']","{'biodiversidad_conservacion': ['deforestación'], 'politica_gobernabilidad': ['fiscalía'], 'crimen_ilegalidad': ['grupo']}",False,fiscalía
Crisis política en Perú: nueva ministra de Ambiente cuestionada por falta de experiencia y proyectos polémicos desde el Congreso,13 Nov 2020,Enrique Vera,https://es.mongabay.com/2020/11/crisis-politica-en-peru-nueva-ministra-de-ambiente-cuestionada-por-falta-de-experiencia-y-proyectos-polemicos-desde-el-congreso/,2020-11-13,2020,11,13,19,['politica_gobernabilidad'],"{'politica_gobernabilidad': ['congreso', 'político']}",False,"congreso, político"
Pequedragas en Perú: fiscalía realizó dos operativos contra la minería ilegal en el río Nanay,4 Nov 2020,Yvette Sierra Praeli,https://es.mongabay.com/2020/11/pequedragas-en-peru-fiscalia-realizo-dos-operativos-contra-la-mineria-ilegal-en-el-rio-nanay/,2020-11-04,2020,11,4,15,"['biodiversidad_conservacion', 'politica_gobernabilidad', 'crimen_ilegalidad']","{'biodiversidad_conservacion': ['río'], 'politica_gobernabilidad': ['fiscalía'], 'crimen_ilegalidad': ['ilegal']}",False,fiscalía
Menonitas en Perú: fiscalías de Loreto y Ucayali investigan deforestación de 2500 hectáreas en la Amazonía,27 Oct 2020,Yvette Sierra Praeli,https://es.mongabay.com/2020/10/menonitas-peru-investigacion-deforestacion-amazonia/,2020-10-27,2020,10,27,16,"['biodiversidad_conservacion', 'politica_gobernabilidad']","{'biodiversidad_conservacion': ['amazonía', 'deforestación'], 'politica_gobernabilidad': ['fiscalías']}",False,fiscalías
Congreso peruano rechaza ratificación del Acuerdo de Escazú,20 Oct 2020,"Vanessa Romo, Yvette Sierra Praeli",https://es.mongabay.com/2020/10/congreso-peruano-rechaza-ratificacion-del-acuerdo-de-escazu/,2020-10-20,2020,10,20,8,['politica_gobernabilidad'],{'politica_gobernabilidad': ['congreso']},False,congreso
Los hostiles de la Amazonía: sobornos en puestos de control y dos fiscales vinculadas con la minería ilegal,22 Sep 2020,Yvette Sierra Praeli,https://es.mongabay.com/2020/09/los-hostiles-de-la-amazonia-mineria-ilegal/,2020-09-22,2020,9,22,18,"['biodiversidad_conservacion', 'politica_gobernabilidad', 'crimen_ilegalidad']","{'biodiversidad_conservacion': ['amazonía'], 'politica_gobernabilidad': ['fiscal'], 'crimen_ilegalidad': ['ilegal']}",False,fiscal
Tamshiyacu: estudio de abogados pide a fiscal apartarse de proceso penal en caso emblemático de deforestación,16 Jul 2020,Yvette Sierra Praeli,https://es.mongabay.com/2020/07/tamshiyacu-fiscal-carta-estudio-abogados/,2020-07-16,2020,7,16,16,"['biodiversidad_conservacion', 'politica_gobernabilidad']","{'biodiversidad_conservacion': ['deforestación'], 'politica_gobernabilidad': ['fiscal']}",False,fiscal
Escazú: un acuerdo regional que promueve la justicia ambiental en la mira,13 Jul 2020,Yvette Sierra Praeli,https://es.mongabay.com/2020/07/acuerdo-escazu-justicia-ambiental/,2020-07-13,2020,7,13,12,['politica_gobernabilidad'],{'politica_gobernabilidad': ['justicia']},False,justicia
Perú: Pleno del Congreso no debate intangibilidad de territorios de PIACI pese a urgencia por COVID-19,23 Jun 2020,Yvette Sierra Praeli,https://es.mongabay.com/2020/06/peru-congreso-indigenas-aislamiento-covid19/,2020-06-23,2020,6,23,16,"['politica_gobernabilidad', 'sociedad_comunidades']","{'politica_gobernabilidad': ['congreso'], 'sociedad_comunidades': ['territorio']}",False,congreso
"Las deudas ambientales de Perú en el 2019: crimen organizado, sentencias ejemplares y un mar que espera ser protegido",7 Ene 2020,Yvette Sierra Praeli,https://es.mongabay.com/2020/01/peru-balance-ambiental-2019-deudas/,2020-01-07,2020,1,7,19,"['biodiversidad_conservacion', 'politica_gobernabilidad', 'sociedad_comunidades', 'crimen_ilegalidad']","{'biodiversidad_conservacion': ['mar', 'proteger'], 'politica_gobernabilidad': ['sentencia'], 'sociedad_comunidades': ['organizado'], 'crimen_ilegalidad': ['crimen']}",False,sentencia
